words,frq
pepper,31909
salt,30573
oil,29048
garlic,23614
ground,22836
fresh,22161
sauce,15987
sugar,15621
onions,15450
cheese,14638
chicken,14300
olive,13539
black,13465
water,12219
red,11525
flour,11082
butter,10804
tomatoes,10717
green,10643
powder,10302
chopped,9802
cloves,9422
juice,8970
white,8626
onion,8609
eggs,8170
rice,7661
cream,7628
cilantro,7432
milk,7353
lemon,7288
vegetable,7068
leaves,6837
large,6787
ginger,6732
corn,6672
dried,6647
lime,6199
vinegar,6185
soy,6076
all,6054
purpose,6045
cumin,5809
broth,5556
chili,5406
wine,5334
bell,5313
parsley,5172
sesame,4391
beans,4353
grated,4093
kosher,4012
carrots,4005
extra,3856
basil,3835
beef,3798
dry,3793
seeds,3748
brown,3729
paste,3700
baking,3689
unsalted,3671
parmesan,3648
chilies,3500
boneless,3452
virgin,3440
oregano,3435
shredded,3300
cinnamon,3261
fat,3251
tomato,3209
egg,3178
potatoes,3134
cooking,3087
thyme,3082
pork,3075
shrimp,2935
chile,2903
diced,2882
yellow,2863
bread,2855
low,2834
seasoning,2812
tortillas,2802
skinless,2801
sodium,2799
vanilla,2778
coconut,2767
coriander,2740
celery,2701
bay,2688
cayenne,2672
breasts,2650
minced,2637
leaf,2601
mushrooms,2599
whole,2579
crushed,2519
spray,2510
sour,2471
flakes,2421
starch,2412
paprika,2411
stock,2400
purple,2376
scallions,2372
hot,2337
cheddar,2315
fish,2311
mustard,2249
extract,2201
orange,2192
jalapeno,2188
sweet,2071
curry,2038
frozen,1991
shallots,1866
sea,1857
peppers,1844
light,1806
cooked,1761
mozzarella,1759
honey,1756
noodles,1751
heavy,1744
spinach,1719
mint,1701
olives,1700
peas,1672
sliced,1670
salsa,1663
canola,1624
avocado,1604
cabbage,1549
pasta,1530
bacon,1526
lettuce,1521
breast,1509
yogurt,1478
sausage,1446
cucumber,1429
yolks,1404
flat,1391
seed,1376
dark,1343
masala,1340
nutmeg,1340
freshly,1318
soda,1317
free,1282
fillets,1270
buttermilk,1266
halves,1239
turmeric,1218
peanut,1189
reduced,1183
garam,1181
whites,1181
granulated,1165
zucchini,1152
plum,1140
zest,1129
plain,1121
italian,1113
chocolate,1085
toasted,1075
whipping,1051
grain,1049
almonds,1047
peeled,1031
rosemary,1028
smoked,1022
crumbs,1012
peppercorns,1008
peanuts,996
sprigs,985
mayonaise,983
baby,969
tumeric,963
yeast,961
cardamom,949
roasted,913
half,909
coarse,903
ricotta,903
raisins,886
ribs,885
long,872
worcestershire,867
of,856
sticks,848
ham,842
cider,833
chinese,826
feta,825
fennel,821
steak,814
jack,814
mix,806
meat,800
clove,795
tofu,794
chiles,792
taco,785
wheat,782
sherry,780
turkey,777
medium,773
chives,770
syrup,761
warm,752
ice,748
shiitake,741
balsamic,734
lamb,724
dijon,709
root,699
lean,699
greens,687
serrano,687
less,682
chips,682
allspice,682
unsweetened,682
powdered,679
capers,676
cold,673
roast,665
slices,660
broccoli,653
condensed,651
finely,648
bean,648
eggplant,645
ketchup,643
cornmeal,630
mirin,626
and,624
cherry,624
wedges,619
in,619
greek,615
oyster,611
saffron,609
spring,606
Italian,599
sharp,592
skim,587
beansprouts,585
thai,582
boiling,579
peel,578
pecans,570
soup,568
sage,563
squash,562
leeks,561
dill,559
spaghetti,550
thighs,547
apple,541
potato,535
reggiano,535
chickpeas,527
shoulder,525
golden,519
hoisin,518
kernels,518
parmigiano,516
tortilla,513
kalamata,513
cracked,509
Mexican,507
enchilada,506
crumbles,503
confectioners,501
thigh,500
apples,499
sausages,496
anise,495
meal,492
cajun,488
pitted,488
active,488
firm,486
pineapple,485
fine,480
cocoa,479
nuts,468
chipotle,468
dressing,468
wrappers,463
part,461
spice,460
lemongrass,450
tenderloin,448
creole,446
shortening,445
canned,440
pastry,440
mango,438
sweetened,435
pinenuts,435
salad,433
dough,431
sake,427
romaine,426
pizza,426
basmati,424
style,423
baguette,420
asparagus,419
okra,415
almond,405
ghee,403
tomatillos,402
florets,401
cake,400
lentils,397
adobo,396
threads,395
poblano,394
cauliflower,394
penne,392
Jack,390
mushroom,389
salmon,388
Monterey,384
Sriracha,380
grits,374
radishes,371
kidney,369
Sauce,367
romano,365
arborio,363
peaches,362
french,360
five,358
refried,358
walnuts,357
lasagna,356
vegetables,356
grape,354
sirloin,354
prosciutto,353
whiskey,352
pods,351
monterey,348
beer,347
andouille,345
miso,345
yoghurt,345
melted,343
anchovy,343
steaks,343
loin,342
russet,340
shells,339
instant,335
margarine,331
star,326
rib,326
Thai,324
chorizo,322
flank,321
nonfat,319
Shaoxing,316
linguine,313
goat,311
asian,309
evaporated,309
tarragon,309
ancho,308
de,307
coffee,305
cashew,305
chuck,303
rum,302
self,302
blend,302
gold,301
bouillon,300
rising,296
pur,294
kernel,294
pie,293
chops,292
napa,291
marinara,290
crab,290
chestnuts,289
rolls,288
bulb,284
bananas,284
arugula,283
swiss,281
strawberries,281
wedge,281
packed,278
roma,275
pecorino,275
queso,275
yukon,273
seasoned,272
cubes,271
pesto,271
choy,271
Pepper,271
pinto,266
panko,265
couscous,265
bourbon,265
drain,264
apricot,263
spices,262
pure,262
tamarind,260
food,260
sun,260
base,259
breadcrumbs,259
Tabasco,258
1%,257
english,257
mixed,257
cannellini,256
scallops,256
bok,252
salted,251
tuna,251
crust,250
kale,247
pumpkin,246
chipotles,245
eyed,244
stewed,243
guacamole,241
brandy,241
liqueur,240
veal,239
clams,239
rind,239
short,238
mussels,234
slivered,234
hearts,234
crumb,230
fresco,229
tartar,228
unbleached,228
tea,226
semisweet,225
raspberries,224
snow,223
cottage,223
fenugreek,222
butternut,221
button,220
small,219
iceberg,217
dal,217
vermicelli,217
pancetta,216
sprouts,214
puff,211
whipped,211
refrigerated,211
herbs,210
lard,209
with,207
wonton,206
collard,205
jasmine,205
palm,204
soft,204
cr,203
me,203
caster,200
provolone,199
tequila,199
dashi,197
marjoram,197
shoots,196
cherries,195
polenta,194
daikon,192
artichoke,192
non,192
old,191
mayonnaise,190
bittersweet,190
fettucine,189
fra,189
che,189
hominy,188
bone,187
cut,187
quinoa,186
country,186
pears,186
soften,186
clam,185
garbanzo,184
leg,184
pecan,183
nori,182
pimentos,181
prepared,181
mascarpone,180
sheets,180
firmly,180
molasses,178
Gochujang,178
maple,178
duck,178
szechwan,178
fontina,175
kaffir,175
lower,174
bamboo,174
masa,174
boiled,172
spanish,171
cotija,171
legs,170
gelatin,170
cremini,170
round,169
pea,169
hard,168
verde,168
wings,166
horseradish,164
berries,163
hazelnuts,163
beets,162
chunky,161
butt,161
chees,160
paneer,160
mung,160
phyllo,159
belly,159
chard,158
roll,157
turnips,156
pearl,156
catfish,155
fruit,155
macaroni,155
espresso,154
kimchi,154
concentrate,153
chop,153
semolina,153
barbecue,153
orzo,152
liquid,151
drumsticks,150
pistachios,149
chillies,148
casings,148
marsala,148
creamy,146
granny,146
smith,146
pieces,146
crawfish,145
buns,144
pita,144
mild,144
doughs,144
cashews,143
sunflower,143
gingerroot,143
mexican,143
shell,142
lump,141
chutney,141
nectar,141
watercress,140
vidalia,140
cod,139
porcini,139
grass,139
stew,139
tamari,138
granules,138
jumbo,138
tapioca,136
gruyere,135
soba,135
asafoetida,134
caps,134
bow,133
tie,133
prawns,132
unflavored,132
blanched,131
cornflour,129
angel,129
raw,128
halibut,127
oats,126
seedless,126
drippings,125
fillet,124
pepperoni,124
jam,124
crumbled,123
flavored,123
steamed,123
harina,122
ripe,122
morsels,121
cranberries,120
pickled,120
tilapia,120
guajillo,119
hair,119
salami,118
leav,118
biscuits,118
blueberries,118
top,117
cognac,117
bonito,116
elbow,116
organic,115
crema,115
gluten,115
squid,115
blackberries,114
oysters,113
japanese,113
eggplants,112
husks,112
quickcooking,111
wasabi,111
pickles,111
sushi,111
caraway,111
coloring,111
chickens,111
oranges,110
jicama,110
ranch,109
currants,109
marinade,109
amchur,108
banana,108
crabmeat,108
sandwich,108
rigatoni,108
pico,107
gallo,107
galangal,107
mace,106
agave,106
stick,106
sourdough,105
artichokes,105
new,105
stems,105
asiago,104
edamame,104
preserves,104
links,104
cured,104
2%,103
prunes,103
slaw,102
blue,101
semi,101
table,101
substitute,101
peach,101
vodka,101
crackers,100
on,100
double,99
topping,99
paper,99
vinaigrette,99
poppy,99
cutlets,98
shanks,98
skimmed,96
ear,96
wild,96
snapper,96
graham,95
tortellini,95
bones,95
methi,95
cachaca,95
hamburger,94
candied,94
grapeseed,94
superfine,93
ramen,93
colby,92
bass,92
brewed,91
whip,91
udon,89
mini,89
brisket,89
skirt,88
bags,88
konbu,88
lima,88
baked,88
herbes,88
preserved,87
parsnips,87
piecrusts,87
date,87
vermouth,87
bird,87
grating,87
mashed,87
portabello,86
rotisserie,86
lobster,86
capsicum,85
eye,85
habanero,85
urad,84
Cheese,84
gorgonzola,84
curds,84
dates,84
hungarian,83
harissa,82
split,82
hocks,82
radicchio,82
crimini,82
heart,82
tahini,81
pear,81
teriyaki,81
pickle,81
file,81
port,81
roasting,81
figs,80
slice,80
dipping,80
rotini,80
provence,80
cracker,79
sauces,79
sambal,79
livers,78
papaya,78
pudding,78
poultry,78
currant,78
quick,78
processed,78
Gruy,77
re,77
manchego,76
spears,76
cane,76
dri,76
brine,76
escarole,76
littleneck,76
or,76
gnocchi,75
picante,75
sprinkles,75
deveined,75
Chinese,75
no,75
natural,74
fettuccine,74
gram,74
plums,74
grapefruit,73
seaweed,73
prepar,73
homemade,73
thick,73
pimento,73
stuffed,73
pomegranate,73
mein,72
silken,72
Cream,72
center,72
rock,72
scallion,71
jerk,71
bottled,71
relish,71
barley,70
Old,70
glutinous,70
for,70
Alfredo,70
beaten,70
raspberry,70
anchovies,70
liver,70
El,69
Paso,69
savoy,69
champagne,69
navel,69
clarified,69
shelled,69
curd,68
tart,68
cornbread,68
gravy,68
whitefish,68
cocktail,68
vine,67
kasuri,67
back,67
flaked,67
crusts,67
rabe,66
asafetida,66
Anaheim,66
artichok,66
marin,66
seafood,65
scotch,65
yams,65
fusilli,65
turbinado,64
store,64
bought,64
range,64
malt,64
endive,64
added,64
kielbasa,63
California,63
ravioli,63
ulek,63
walnut,63
chunks,63
crusty,62
great,61
northern,61
chickpea,61
fry,61
uncook,61
fingers,61
candy,61
marmalade,61
marshmallows,60
nonstick,60
Japanese,60
filet,60
rubbed,60
arbol,60
pitas,59
haricots,59
verts,59
fried,59
vietnamese,59
hellmann,59
best,59
mayonnais,59
Irish,59
club,58
softened,58
drained,58
watermelon,58
rocket,58
croutons,58
grapes,58
enokitake,58
gari,57
sauc,57
pickling,57
orecchiette,57
flower,57
essence,57
buckwheat,56
stir,56
cookies,56
carrot,56
hock,55
rose,55
ciabatta,55
ready,55
regular,55
glass,54
safflower,54
jeera,54
Oil,54
oven,54
